[
  {
    "artist": "David Bowie", 
    "coverUrl": "https://s3.amazonaws.com/CoverProject/album/album_david_bowie_best_of_bowie.png", 
    "genre": "Pop", 
    "title": "Best of Bowie", 
    "year": "1992"
  }, 
  {
    "artist": "No Doubt", 
    "coverUrl": "https://s3.amazonaws.com/CoverProject/album/album_no_doubt_its_my_life_bathwater.png", 
    "genre": "Pop", 
    "title": "It's My Life", 
    "year": "2003"
  }, 
  {
    "artist": "Sting", 
    "coverUrl": "https://s3.amazonaws.com/CoverProject/album/album_sting_nothing_like_the_sun.png", 
    "genre": "Pop", 
    "title": "Nothing Like The Sun", 
    "year": "1999"
  }, 
  {
    "artist": "U2", 
    "coverUrl": "https://s3.amazonaws.com/CoverProject/album/album_u2_staring_at_the_sun.png", 
    "genre": "Pop", 
    "title": "Staring at the Sun", 
    "year": "2000"
  }, 
  {
    "artist": "Madonna", 
    "coverUrl": "https://s3.amazonaws.com/CoverProject/album/album_madonna_american_pie.png", 
    "genre": "Pop", 
    "title": "American Pie", 
    "year": "2000"
  }
]
